{
  "$schema": "https://ui.shadcn.com/schema.json",
  "style": "new-york",
  "rsc": false,
  "tsx": true,
  "tailwind": {
    "config": "tailwind.config.js",
    "css": "src/index.css",
    "baseColor": "gray",
    "cssVariables": true,
    "prefix": ""
  },
  "iconLibrary": "lucide",
  "aliases": {
    "components": "@components/components",
    "utils": "@components/lib/utils",
    "ui": "@components/components/ui",
    "lib": "@components/lib",
    "hooks": "@components/hooks"
  },
  "registries": {
    "@aceternity": "https://ui.aceternity.com/registry/{name}.json"
  }
}
